{"data_time": 0.000989099999999965, "eta_seconds": 38.57802799999995, "fast_rcnn/cls_accuracy": 0.45703125, "fast_rcnn/false_negative": 0.4375, "fast_rcnn/fg_cls_accuracy": 0.1875, "iteration": 19, "loss_box_reg": 0.8827923238277435, "loss_cls": 1.3118228316307068, "loss_mask": 0.6853319108486176, "loss_rpn_cls": 0.02414260059595108, "loss_rpn_loc": 0.0199357271194458, "lr": 4.99525e-05, "mask_rcnn/accuracy": 0.8239198022959184, "mask_rcnn/false_negative": 0.1070632742402359, "mask_rcnn/false_positive": 0.15165457606496618, "roi_head/num_bg_samples": 96.0, "roi_head/num_fg_samples": 32.0, "rpn/num_neg_anchors": 217.5, "rpn/num_pos_anchors": 38.5, "time": 0.48222534999999933, "total_loss": 2.901760152541101}
{"data_time": 0.0009743000000010937, "eta_seconds": 29.046267000000068, "fast_rcnn/cls_accuracy": 0.75, "fast_rcnn/false_negative": 1.0, "fast_rcnn/fg_cls_accuracy": 0.0, "iteration": 39, "loss_box_reg": 0.9194065630435944, "loss_cls": 0.814358115196228, "loss_mask": 0.5847478210926056, "loss_rpn_cls": 0.012748054694384336, "loss_rpn_loc": 0.017295362427830696, "lr": 9.990249999999999e-05, "mask_rcnn/accuracy": 0.9516302614795918, "mask_rcnn/false_negative": 0.00542941406875938, "mask_rcnn/false_positive": 0.1218901259512622, "roi_head/num_bg_samples": 96.0, "roi_head/num_fg_samples": 32.0, "rpn/num_neg_anchors": 221.0, "rpn/num_pos_anchors": 35.0, "time": 0.48923884999999956, "total_loss": 2.359150599921122}
{"data_time": 0.0009804500000001326, "eta_seconds": 19.303234000000025, "fast_rcnn/cls_accuracy": 0.75, "fast_rcnn/false_negative": 1.0, "fast_rcnn/fg_cls_accuracy": 0.0, "iteration": 59, "loss_box_reg": 0.8748342990875244, "loss_cls": 0.5926884114742279, "loss_mask": 0.4151569604873657, "loss_rpn_cls": 0.01963710505515337, "loss_rpn_loc": 0.021137773990631104, "lr": 0.0001498525, "mask_rcnn/accuracy": 0.9477040816326531, "mask_rcnn/false_negative": 0.006073206471494774, "mask_rcnn/false_positive": 0.12685167211862017, "roi_head/num_bg_samples": 96.0, "roi_head/num_fg_samples": 32.0, "rpn/num_neg_anchors": 216.0, "rpn/num_pos_anchors": 40.0, "time": 0.4691295000000011, "total_loss": 1.9268422750756145}
{"data_time": 0.0009753499999973769, "eta_seconds": 9.691509000000007, "fast_rcnn/cls_accuracy": 0.76953125, "fast_rcnn/false_negative": 0.90625, "fast_rcnn/fg_cls_accuracy": 0.078125, "iteration": 79, "loss_box_reg": 0.820147842168808, "loss_cls": 0.49360206723213196, "loss_mask": 0.2813795208930969, "loss_rpn_cls": 0.0011882766848430037, "loss_rpn_loc": 0.015773408580571413, "lr": 0.00019980250000000002, "mask_rcnn/accuracy": 0.9569913903061225, "mask_rcnn/false_negative": 0.006133857250006626, "mask_rcnn/false_positive": 0.11027002324246071, "roi_head/num_bg_samples": 96.0, "roi_head/num_fg_samples": 32.0, "rpn/num_neg_anchors": 226.0, "rpn/num_pos_anchors": 30.0, "time": 0.49340114999999685, "total_loss": 1.6171644435962662}
{"data_time": 0.0009900000000016007, "eta_seconds": 0.0, "fast_rcnn/cls_accuracy": 0.8828125, "fast_rcnn/false_negative": 0.375, "fast_rcnn/fg_cls_accuracy": 0.53125, "iteration": 99, "loss_box_reg": 0.7933430671691895, "loss_cls": 0.3474164754152298, "loss_mask": 0.17859497666358948, "loss_rpn_cls": 0.001221882354002446, "loss_rpn_loc": 0.0212014215067029, "lr": 0.0002497525, "mask_rcnn/accuracy": 0.9601004464285714, "mask_rcnn/false_negative": 0.00784022668827058, "mask_rcnn/false_positive": 0.09076893374172099, "roi_head/num_bg_samples": 96.0, "roi_head/num_fg_samples": 32.0, "rpn/num_neg_anchors": 215.5, "rpn/num_pos_anchors": 40.5, "time": 0.4874701499999965, "total_loss": 1.3199826931231655}
{"data_time": 0.8607352500000012, "fast_rcnn/cls_accuracy": 0.7578125, "fast_rcnn/false_negative": 0.265625, "fast_rcnn/fg_cls_accuracy": 0.703125, "iteration": 1, "loss_box_reg": 0.12394372466951609, "loss_cls": 1.1594679951667786, "loss_mask": 0.6942119002342224, "loss_rpn_cls": 5.21486234664917, "loss_rpn_loc": 0.7827783226966858, "lr": 4.9975e-06, "mask_rcnn/accuracy": 0.32724808673469385, "mask_rcnn/false_negative": 0.9435918004804433, "mask_rcnn/false_positive": 0.011774951592187211, "roi_head/num_bg_samples": 96.0, "roi_head/num_fg_samples": 32.0, "rpn/num_neg_anchors": 128.0, "rpn/num_pos_anchors": 128.0, "total_loss": 7.975264289416373}
{"data_time": 0.0019909499999997138, "eta_seconds": 0.0, "fast_rcnn/cls_accuracy": 0.53515625, "fast_rcnn/false_negative": 1.0, "fast_rcnn/fg_cls_accuracy": 0.0, "iteration": 9, "loss_box_reg": 0.17381910979747772, "loss_cls": 1.2053563594818115, "loss_mask": 0.6924090087413788, "loss_rpn_cls": 5.227245092391968, "loss_rpn_loc": 0.5263020992279053, "lr": 2.4977500000000006e-05, "mask_rcnn/accuracy": 0.6439532844387754, "mask_rcnn/false_negative": 0.05822761257370147, "mask_rcnn/false_positive": 0.9902979572947609, "roi_head/num_bg_samples": 96.0, "roi_head/num_fg_samples": 32.0, "rpn/num_neg_anchors": 128.0, "rpn/num_pos_anchors": 128.0, "time": 2.4842965999999986, "total_loss": 7.937104214914143}
{"data_time": 0.0016575999999997038, "eta_seconds": 0.0, "fast_rcnn/cls_accuracy": 0.009765625, "fast_rcnn/false_negative": 0.0, "fast_rcnn/fg_cls_accuracy": 0.0390625, "iteration": 9, "loss_box_reg": 0.11817299202084541, "loss_cls": 1.5985543131828308, "loss_mask": 0.6936865746974945, "loss_rpn_cls": 5.4514665603637695, "loss_rpn_loc": 0.5348681807518005, "lr": 2.4977500000000006e-05, "mask_rcnn/accuracy": 0.3923389668367347, "mask_rcnn/false_negative": 0.8823416551632005, "mask_rcnn/false_positive": 0.06989350375011615, "roi_head/num_bg_samples": 192.0, "roi_head/num_fg_samples": 64.0, "rpn/num_neg_anchors": 128.0, "rpn/num_pos_anchors": 128.0, "time": 2.3953000999999965, "total_loss": 8.568706711754203}
{"data_time": 1.600464500000001, "fast_rcnn/cls_accuracy": 0.4, "fast_rcnn/false_negative": 1.0, "fast_rcnn/fg_cls_accuracy": 0.0, "iteration": 0, "loss_box_reg": 0.020019767805933952, "loss_cls": 1.3558149337768555, "loss_mask": 0.6917970180511475, "loss_rpn_cls": 6.298343181610107, "loss_rpn_loc": 0.5555884838104248, "lr": 2.5e-06, "mask_rcnn/accuracy": 0.8163265306122449, "mask_rcnn/false_negative": 0.21993127147766323, "mask_rcnn/false_positive": 0.07920792079207921, "roi_head/num_bg_samples": 4.0, "roi_head/num_fg_samples": 1.0, "rpn/num_neg_anchors": 128.0, "rpn/num_pos_anchors": 128.0, "total_loss": 8.921563385054469}
{"data_time": 1.5873641999999997, "fast_rcnn/cls_accuracy": 0.74609375, "fast_rcnn/false_negative": 0.671875, "fast_rcnn/fg_cls_accuracy": 0.234375, "iteration": 0, "loss_box_reg": 0.21762631833553314, "loss_cls": 1.2065157890319824, "loss_mask": 0.6861972212791443, "loss_rpn_cls": 4.866892337799072, "loss_rpn_loc": 0.741262674331665, "lr": 2.5e-06, "mask_rcnn/accuracy": 0.6607142857142857, "mask_rcnn/false_negative": 0.0, "mask_rcnn/false_positive": 1.0, "roi_head/num_bg_samples": 192.0, "roi_head/num_fg_samples": 64.0, "rpn/num_neg_anchors": 128.0, "rpn/num_pos_anchors": 128.0, "total_loss": 7.718494340777397}
{"data_time": 2.1431666, "fast_rcnn/cls_accuracy": 0.30859375, "fast_rcnn/false_negative": 0.34375, "fast_rcnn/fg_cls_accuracy": 0.65625, "iteration": 0, "loss_box_reg": 0.08235945552587509, "loss_cls": 0.7580308318138123, "loss_mask": 0.697746753692627, "loss_rpn_cls": 6.382104396820068, "loss_rpn_loc": 0.7865100502967834, "lr": 2.5e-06, "mask_rcnn/accuracy": 0.3030333227040817, "mask_rcnn/false_negative": 1.0, "mask_rcnn/false_positive": 0.0, "roi_head/num_bg_samples": 192.0, "roi_head/num_fg_samples": 64.0, "rpn/num_neg_anchors": 128.0, "rpn/num_pos_anchors": 128.0, "total_loss": 8.706751488149166}
